subject,gender,rating
1,female,4
2,male,1
3,male,3
4,male,1
5,female,4
6,male,3
7,male,4
8,male,4
9,female,1
10,male,3
11,female,5
12,male,3
13,male,4
14,male,4
15,female,3
16,male,4
17,male,4
18,female,3
19,female,4
20,female,3
21,male,1
22,female,5
23,female,2
24,male,2
25,male,4
26,male,4
27,male,4
28,female,5
29,male,2
30,female,4
31,female,4
32,female,4
33,female,4
34,female,4
35,male,5
36,male,1
37,male,3
38,male,1
39,female,4
40,male,3
41,male,2
42,male,4
43,male,2
44,female,4
45,female,5
46,male,2
47,male,4
48,female,1
49,female,4
50,male,2
51,male,3
52,male,5
53,female,2
54,female,2
55,female,4
56,female,2
57,male,1
58,female,2
59,female,5
60,female,3
61,male,5
62,male,2
63,male,1
64,female,5
65,male,1
66,female,4
67,female,4
68,male,5
69,female,2
70,female,4
71,female,1
72,male,3
73,male,3
74,female,4
75,female,3
76,male,3
77,male,3
78,male,5
79,female,5
80,female,5
81,male,3
82,female,3
83,female,2
84,female,3
85,male,3
86,female,3
87,male,1
88,female,4
89,female,5
90,female,4
91,female,2
92,male,3
93,female,1
94,male,4
95,female,3
96,female,4
97,female,2
98,male,5
99,female,2
100,female,5
101,female,3
102,female,5
103,female,4
104,female,2
105,male,4
106,male,2
107,male,3
108,male,3
109,female,4
110,female,2
111,female,3
112,female,2
113,male,4
114,male,3
115,male,3
116,male,3
117,male,3
118,male,1
119,female,1
120,male,2
121,male,4
122,male,4
123,male,1
124,female,4
125,female,3
126,male,3
127,female,2
128,male,3
129,male,4
130,male,4
131,male,3
132,male,2
133,female,4
134,male,2
135,male,1
136,female,1
137,male,3
138,male,5
139,male,2
140,female,1
141,female,3
142,female,4
143,male,1
144,female,4
145,female,3
146,male,4
147,female,4
148,female,3
149,male,5
150,male,5
151,male,2
152,male,1
153,male,2
154,male,4
155,male,5
156,female,3
157,female,4
158,female,4
159,male,2
160,female,3
161,female,2
162,male,2
163,female,4
164,female,3
165,female,2
166,male,2
167,male,2
168,male,3
169,female,2
170,male,2
171,male,4
172,female,3
173,female,1
174,male,4
175,male,4
176,female,2
177,female,3
178,male,1
179,female,3
180,female,2
181,male,3
182,female,4
183,female,3
184,female,5
185,female,4
186,female,3
187,male,3
188,female,2
189,male,4
190,female,4
191,male,2
192,male,2
193,female,4
194,male,2
195,female,4
196,female,3
197,male,3
198,female,4
199,female,3
200,male,3
