subj,item,prime,pcorrect,target,tresp
M2L01,23,RB,1,LB,5
M2L01,16,LB,1,RB,5
M2L01,13,RB,1,RB,4
M2L01,7,RB,1,LB,4
M2L01,20,LB,1,RB,5
M2L01,24,LB,1,RB,5
M2L01,18,LB,1,LB,4
M2L01,21,RB,1,RB,3
M2L01,22,LB,1,LB,5
M2L01,14,LB,1,LB,5
M2L01,5,RB,1,RB,5
M2L01,12,LB,1,RB,5
M2L01,9,RB,1,RB,5
M2L01,19,RB,1,LB,5
M2L01,3,RB,1,LB,1
M2L01,4,LB,1,RB,5
M2L01,10,LB,1,LB,3
M2L01,11,RB,1,LB,1
M2L01,15,RB,1,LB,3
M2L01,2,LB,1,LB,3
M2L01,8,LB,1,RB,5
M2L01,1,RB,1,RB,5
M2L01,17,RB,1,RB,5
M2L01,6,LB,1,LB,5
M2L02,23,LB,1,LB,5
M2L02,16,RB,1,LB,1
M2L02,13,LB,1,RB,5
M2L02,7,LB,1,LB,1
M2L02,20,RB,1,LB,1
M2L02,24,RB,1,LB,5
M2L02,18,RB,0,RB,5
M2L02,21,LB,1,RB,5
M2L02,22,RB,1,RB,4
M2L02,14,RB,1,RB,5
M2L02,5,LB,1,RB,5
M2L02,12,RB,0,LB,2
M2L02,9,LB,1,RB,5
M2L02,19,LB,1,LB,5
M2L02,3,LB,1,LB,1
M2L02,4,RB,1,LB,1
M2L02,10,RB,1,RB,5
M2L02,11,LB,1,LB,5
M2L02,15,LB,1,LB,5
M2L02,2,RB,1,RB,5
M2L02,8,RB,1,LB,5
M2L02,1,LB,1,RB,5
M2L02,17,LB,1,RB,5
M2L02,6,RB,1,RB,5
M2L03,23,RB,1,RB,5
M2L03,16,LB,1,LB,1
M2L03,13,RB,1,LB,2
M2L03,7,RB,1,RB,5
M2L03,20,LB,1,LB,4
M2L03,24,LB,1,LB,5
M2L03,18,LB,1,RB,4
M2L03,21,RB,1,LB,3
M2L03,22,LB,1,RB,5
M2L03,14,LB,1,RB,5
M2L03,5,RB,1,LB,5
M2L03,12,LB,1,LB,4
M2L03,9,RB,1,LB,2
M2L03,19,RB,1,RB,5
M2L03,3,RB,1,RB,5
M2L03,4,LB,1,LB,1
M2L03,10,LB,0,RB,5
M2L03,11,RB,1,RB,5
M2L03,15,RB,1,RB,5
M2L03,2,LB,1,RB,5
M2L03,8,LB,1,LB,5
M2L03,1,RB,1,LB,1
M2L03,17,RB,1,LB,4
M2L03,6,LB,1,RB,4
M2L04,23,LB,1,RB,5
M2L04,16,RB,1,RB,4
M2L04,13,LB,1,LB,5
M2L04,7,LB,1,RB,5
M2L04,20,RB,1,RB,5
M2L04,24,RB,1,RB,5
M2L04,18,RB,1,LB,5
M2L04,21,LB,1,LB,5
M2L04,22,RB,1,LB,4
M2L04,14,RB,1,LB,5
M2L04,5,LB,1,LB,5
M2L04,12,RB,1,RB,5
M2L04,9,LB,1,LB,5
M2L04,19,LB,0,RB,5
M2L04,3,LB,1,RB,5
M2L04,4,RB,1,RB,5
M2L04,10,RB,1,LB,5
M2L04,11,LB,1,RB,5
M2L04,15,LB,1,RB,5
M2L04,2,RB,1,LB,4
M2L04,8,RB,1,RB,5
M2L04,1,LB,1,LB,2
M2L04,17,LB,1,LB,5
M2L04,6,RB,1,LB,5
M2L05,9,LB,1,RB,5
M2L05,22,RB,1,RB,3
M2L05,8,RB,1,LB,5
M2L05,17,LB,1,RB,4
M2L05,14,RB,1,RB,4
M2L05,19,LB,1,LB,5
M2L05,1,LB,1,RB,5
M2L05,16,RB,1,LB,1
M2L05,12,RB,1,LB,3
M2L05,13,LB,1,RB,5
M2L05,2,RB,1,RB,1
M2L05,5,LB,1,RB,3
M2L05,10,RB,1,RB,4
M2L05,23,LB,1,LB,4
M2L05,6,RB,1,RB,5
M2L05,24,RB,1,LB,3
M2L05,3,LB,1,LB,4
M2L05,11,LB,1,LB,2
M2L05,7,LB,1,LB,2
M2L05,18,RB,1,RB,5
M2L05,15,LB,1,LB,5
M2L05,4,RB,1,LB,2
M2L05,21,LB,1,RB,5
M2L05,20,RB,1,LB,2
M2L06,9,RB,1,LB,2
M2L06,22,LB,1,RB,5
M2L06,8,LB,1,LB,5
M2L06,17,RB,1,LB,5
M2L06,14,LB,1,RB,2
M2L06,19,RB,1,RB,5
M2L06,1,RB,1,LB,2
M2L06,16,LB,1,LB,1
M2L06,12,LB,1,LB,2
M2L06,13,RB,1,LB,1
M2L06,2,LB,1,RB,4
M2L06,5,RB,1,LB,5
M2L06,10,LB,1,RB,5
M2L06,23,RB,1,RB,4
M2L06,6,LB,1,RB,5
M2L06,24,LB,1,LB,2
M2L06,3,RB,1,RB,5
M2L06,11,RB,1,RB,4
M2L06,7,RB,1,RB,5
M2L06,18,LB,1,RB,2
M2L06,15,RB,1,RB,5
M2L06,4,LB,1,LB,2
M2L06,21,RB,1,LB,5
M2L06,20,LB,1,LB,4
M2L07,9,LB,1,LB,2
M2L07,22,RB,1,LB,4
M2L07,8,RB,1,RB,4
M2L07,17,LB,1,LB,5
M2L07,14,RB,1,LB,4
M2L07,19,LB,1,RB,5
M2L07,1,LB,0,LB,3
M2L07,16,RB,1,RB,5
M2L07,12,RB,1,RB,5
M2L07,13,LB,1,LB,4
M2L07,2,RB,1,LB,4
M2L07,5,LB,1,LB,5
M2L07,10,RB,1,LB,5
M2L07,23,LB,1,RB,5
M2L07,6,RB,1,LB,5
M2L07,24,RB,1,RB,4
M2L07,3,LB,1,RB,4
M2L07,11,LB,1,RB,3
M2L07,7,LB,1,RB,5
M2L07,18,RB,1,LB,2
M2L07,15,LB,1,RB,5
M2L07,4,RB,1,RB,4
M2L07,21,LB,1,LB,5
M2L07,20,RB,1,RB,5
M2L08,17,RB,1,RB,5
M2L08,15,RB,1,LB,5
M2L08,5,RB,1,RB,3
M2L08,2,LB,1,LB,4
M2L08,11,RB,1,LB,4
M2L08,22,LB,1,LB,4
M2L08,12,LB,1,RB,5
M2L08,19,RB,1,LB,5
M2L08,4,LB,1,RB,3
M2L08,24,LB,1,RB,5
M2L08,23,RB,1,LB,4
M2L08,3,RB,1,LB,4
M2L08,13,RB,1,RB,5
M2L08,18,LB,1,LB,2
M2L08,6,LB,1,LB,5
M2L08,20,LB,1,RB,4
M2L08,9,RB,1,RB,4
M2L08,8,LB,1,RB,5
M2L08,21,RB,1,RB,3
M2L08,14,LB,1,LB,4
M2L08,16,LB,1,RB,4
M2L08,10,LB,1,LB,2
M2L08,7,RB,1,LB,2
M2L08,1,RB,1,RB,5
M2L09,9,RB,1,RB,5
M2L09,22,LB,0,LB,3
M2L09,8,LB,1,RB,5
M2L09,17,RB,1,RB,5
M2L09,14,LB,1,LB,5
M2L09,19,RB,0,LB,5
M2L09,1,RB,1,RB,5
M2L09,16,LB,0,RB,5
M2L09,12,LB,1,RB,5
M2L09,13,RB,1,RB,5
M2L09,2,LB,1,LB,1
M2L09,5,RB,1,RB,5
M2L09,10,LB,1,LB,2
M2L09,23,RB,1,LB,4
M2L09,6,LB,1,LB,5
M2L09,24,LB,1,RB,5
M2L09,3,RB,1,LB,2
M2L09,11,RB,1,LB,2
M2L09,7,RB,1,LB,3
M2L09,18,LB,1,LB,4
M2L09,15,RB,0,LB,5
M2L09,4,LB,1,RB,5
M2L09,21,RB,1,RB,5
M2L09,20,LB,1,RB,5
M2L10,17,LB,1,LB,4
M2L10,15,LB,1,RB,5
M2L10,5,LB,1,LB,4
M2L10,2,RB,1,LB,2
M2L10,11,LB,1,RB,5
M2L10,22,RB,1,LB,4
M2L10,12,RB,1,RB,5
M2L10,19,LB,1,RB,5
M2L10,4,RB,1,RB,4
M2L10,24,RB,1,RB,4
M2L10,23,LB,1,RB,5
M2L10,3,LB,1,RB,5
M2L10,13,LB,0,LB,2
M2L10,18,RB,1,LB,3
M2L10,6,RB,1,LB,5
M2L10,20,RB,1,RB,5
M2L10,9,LB,1,LB,2
M2L10,8,RB,1,RB,5
M2L10,21,LB,1,LB,3
M2L10,14,RB,1,LB,5
M2L10,16,RB,1,RB,5
M2L10,10,RB,1,LB,5
M2L10,7,LB,0,RB,5
M2L10,1,LB,1,LB,2
M2L11,17,LB,1,RB,2
M2L11,15,LB,1,LB,5
M2L11,5,LB,1,RB,2
M2L11,2,RB,1,RB,5
M2L11,11,LB,1,LB,4
M2L11,22,RB,1,RB,4
M2L11,12,RB,1,LB,2
M2L11,19,LB,1,LB,5
M2L11,4,RB,1,LB,2
M2L11,24,RB,1,LB,4
M2L11,23,LB,1,LB,5
M2L11,3,LB,1,LB,4
M2L11,13,LB,1,RB,4
M2L11,18,RB,1,RB,4
M2L11,6,RB,1,RB,5
M2L11,20,RB,1,LB,1
M2L11,9,LB,1,RB,5
M2L11,8,RB,1,LB,5
M2L11,21,LB,1,RB,4
M2L11,14,RB,1,RB,5
M2L11,16,RB,1,LB,2
M2L11,10,RB,1,RB,5
M2L11,7,LB,1,LB,2
M2L11,1,LB,1,RB,5
M2L12,17,RB,1,LB,5
M2L12,15,RB,1,RB,5
M2L12,5,RB,1,LB,4
M2L12,2,LB,1,RB,3
M2L12,11,RB,0,RB,4
M2L12,22,LB,1,RB,5
M2L12,12,LB,1,LB,3
M2L12,19,RB,1,RB,5
M2L12,4,LB,1,LB,4
M2L12,24,LB,1,LB,5
M2L12,23,RB,1,RB,4
M2L12,3,RB,1,RB,5
M2L12,13,RB,1,LB,2
M2L12,18,LB,1,RB,2
M2L12,6,LB,1,RB,5
M2L12,20,LB,1,LB,2
M2L12,9,RB,1,LB,3
M2L12,8,LB,1,LB,5
M2L12,21,RB,1,LB,2
M2L12,14,LB,1,RB,4
M2L12,16,LB,1,LB,2
M2L12,10,LB,1,RB,4
M2L12,7,RB,1,RB,5
M2L12,1,RB,0,LB,2
M2L13,23,RB,1,LB,5
M2L13,16,LB,1,RB,5
M2L13,13,RB,1,RB,2
M2L13,7,RB,1,LB,1
M2L13,20,LB,1,RB,5
M2L13,24,LB,1,RB,5
M2L13,18,LB,1,LB,1
M2L13,21,RB,1,RB,3
M2L13,22,LB,1,LB,4
M2L13,14,LB,1,LB,5
M2L13,5,RB,1,RB,5
M2L13,12,LB,1,RB,5
M2L13,9,RB,1,RB,5
M2L13,19,RB,1,LB,5
M2L13,3,RB,1,LB,2
M2L13,4,LB,1,RB,5
M2L13,10,LB,1,LB,5
M2L13,11,RB,1,LB,5
M2L13,15,RB,1,LB,5
M2L13,2,LB,1,LB,4
M2L13,8,LB,1,RB,4
M2L13,1,RB,1,RB,5
M2L13,17,RB,1,RB,5
M2L13,6,LB,1,LB,3
M2L14,23,LB,1,LB,2
M2L14,16,RB,1,LB,1
M2L14,13,LB,1,RB,5
M2L14,7,LB,1,LB,2
M2L14,20,RB,1,LB,5
M2L14,24,RB,1,LB,3
M2L14,18,RB,1,RB,3
M2L14,21,LB,1,RB,1
M2L14,22,RB,1,RB,4
M2L14,14,RB,1,RB,4
M2L14,5,LB,1,RB,2
M2L14,12,RB,1,LB,4
M2L14,9,LB,1,RB,2
M2L14,19,LB,1,LB,5
M2L14,3,LB,1,LB,4
M2L14,4,RB,1,LB,2
M2L14,10,RB,1,RB,4
M2L14,11,LB,1,LB,3
M2L14,15,LB,1,LB,5
M2L14,2,RB,1,RB,4
M2L14,8,RB,1,LB,5
M2L14,1,LB,1,RB,5
M2L14,17,LB,1,RB,3
M2L14,6,RB,0,RB,5
M2L15,23,RB,1,RB,5
M2L15,16,LB,1,LB,1
M2L15,13,RB,1,LB,1
M2L15,7,RB,1,RB,5
M2L15,20,LB,1,LB,3
M2L15,24,LB,1,LB,4
M2L15,18,LB,1,RB,5
M2L15,21,RB,1,LB,1
M2L15,22,LB,1,RB,5
M2L15,14,LB,1,RB,1
M2L15,5,RB,1,LB,4
M2L15,12,LB,1,LB,2
M2L15,9,RB,1,LB,1
M2L15,19,RB,1,RB,5
M2L15,3,RB,1,RB,5
M2L15,4,LB,1,LB,3
M2L15,10,LB,1,RB,5
M2L15,11,RB,1,RB,5
M2L15,15,RB,1,RB,5
M2L15,2,LB,1,RB,4
M2L15,8,LB,1,LB,5
M2L15,1,RB,1,LB,1
M2L15,17,RB,1,LB,5
M2L15,6,LB,1,RB,5
M2L16,23,LB,1,RB,5
M2L16,16,RB,1,RB,5
M2L16,13,LB,1,LB,3
M2L16,7,LB,1,RB,4
M2L16,20,RB,1,RB,4
M2L16,24,RB,1,RB,5
M2L16,18,RB,1,LB,3
M2L16,21,LB,1,LB,3
M2L16,22,RB,1,LB,2
M2L16,14,RB,1,LB,5
M2L16,5,LB,1,LB,5
M2L16,12,RB,1,RB,5
M2L16,9,LB,1,LB,3
M2L16,19,LB,1,RB,5
M2L16,3,LB,1,RB,4
M2L16,4,RB,1,RB,5
M2L16,10,RB,1,LB,4
M2L16,11,LB,1,RB,2
M2L16,15,LB,1,RB,4
M2L16,2,RB,1,LB,1
M2L16,8,RB,1,RB,5
M2L16,1,LB,1,LB,2
M2L16,17,LB,1,LB,5
M2L16,6,RB,1,LB,4
M2L17,9,LB,1,LB,3
M2L17,22,RB,1,LB,4
M2L17,8,RB,1,RB,5
M2L17,17,LB,1,LB,5
M2L17,14,RB,1,LB,5
M2L17,19,LB,1,RB,5
M2L17,1,LB,1,LB,2
M2L17,16,RB,1,RB,5
M2L17,12,RB,1,RB,5
M2L17,13,LB,1,LB,3
M2L17,2,RB,1,LB,3
M2L17,5,LB,1,LB,5
M2L17,10,RB,1,LB,5
M2L17,23,LB,1,RB,4
M2L17,6,RB,1,LB,5
M2L17,24,RB,1,RB,5
M2L17,3,LB,1,RB,5
M2L17,11,LB,1,RB,4
M2L17,7,LB,1,RB,5
M2L17,18,RB,1,LB,4
M2L17,15,LB,1,RB,5
M2L17,4,RB,1,RB,4
M2L17,21,LB,1,LB,4
M2L17,20,RB,1,RB,5
M2L18,9,RB,1,LB,3
M2L18,22,LB,1,RB,5
M2L18,8,LB,1,LB,5
M2L18,17,RB,1,LB,5
M2L18,14,LB,1,RB,5
M2L18,19,RB,0,RB,5
M2L18,1,RB,1,LB,2
M2L18,16,LB,1,LB,1
M2L18,12,LB,1,LB,5
M2L18,13,RB,1,LB,3
M2L18,2,LB,1,RB,5
M2L18,5,RB,1,LB,5
M2L18,10,LB,1,RB,5
M2L18,23,RB,1,RB,5
M2L18,6,LB,1,RB,5
M2L18,24,LB,1,LB,5
M2L18,3,RB,1,RB,5
M2L18,11,RB,1,RB,5
M2L18,7,RB,1,RB,5
M2L18,18,LB,1,RB,4
M2L18,15,RB,1,RB,5
M2L18,4,LB,1,LB,3
M2L18,21,RB,1,LB,3
M2L18,20,LB,1,LB,2
M2L19,9,RB,1,RB,5
M2L19,22,LB,1,LB,4
M2L19,8,LB,1,RB,5
M2L19,17,RB,1,RB,4
M2L19,14,LB,1,LB,5
M2L19,19,RB,1,LB,4
M2L19,1,RB,1,RB,5
M2L19,16,LB,1,RB,5
M2L19,12,LB,1,RB,5
M2L19,13,RB,1,RB,4
M2L19,2,LB,1,LB,3
M2L19,5,RB,1,RB,4
M2L19,10,LB,1,LB,5
M2L19,23,RB,1,LB,4
M2L19,6,LB,1,LB,5
M2L19,24,LB,1,RB,5
M2L19,3,RB,1,LB,3
M2L19,11,RB,1,LB,4
M2L19,7,RB,1,LB,2
M2L19,18,LB,1,LB,3
M2L19,15,RB,1,LB,5
M2L19,4,LB,1,RB,2
M2L19,21,RB,1,RB,5
M2L19,20,LB,1,RB,5
M2L20,9,LB,0,RB,5
M2L20,22,RB,1,RB,5
M2L20,8,RB,1,LB,5
M2L20,17,LB,1,RB,4
M2L20,14,RB,0,RB,2
M2L20,19,LB,1,LB,5
M2L20,1,LB,1,RB,5
M2L20,16,RB,1,LB,2
M2L20,12,RB,1,LB,1
M2L20,13,LB,1,RB,5
M2L20,2,RB,1,RB,5
M2L20,5,LB,1,RB,5
M2L20,10,RB,1,RB,5
M2L20,23,LB,1,LB,5
M2L20,6,RB,1,RB,5
M2L20,24,RB,1,LB,3
M2L20,3,LB,1,LB,3
M2L20,11,LB,1,LB,5
M2L20,7,LB,1,LB,4
M2L20,18,RB,1,RB,3
M2L20,15,LB,1,LB,5
M2L20,4,RB,1,LB,2
M2L20,21,LB,0,RB,5
M2L20,20,RB,1,LB,2
M2L21,17,LB,1,LB,5
M2L21,15,LB,1,RB,5
M2L21,5,LB,1,LB,5
M2L21,2,RB,1,LB,4
M2L21,11,LB,1,RB,5
M2L21,22,RB,1,LB,5
M2L21,12,RB,1,RB,5
M2L21,19,LB,1,RB,5
M2L21,4,RB,1,RB,5
M2L21,24,RB,1,RB,5
M2L21,23,LB,1,RB,5
M2L21,3,LB,1,RB,5
M2L21,13,LB,1,LB,2
M2L21,18,RB,1,LB,3
M2L21,6,RB,0,LB,5
M2L21,20,RB,1,RB,5
M2L21,9,LB,1,LB,2
M2L21,8,RB,1,RB,5
M2L21,21,LB,1,LB,4
M2L21,14,RB,1,LB,5
M2L21,16,RB,1,RB,5
M2L21,10,RB,1,LB,5
M2L21,7,LB,1,RB,5
M2L21,1,LB,1,LB,2
M2L22,17,RB,1,RB,4
M2L22,15,RB,1,LB,1
M2L22,5,RB,1,RB,3
M2L22,2,LB,1,LB,3
M2L22,11,RB,1,LB,4
M2L22,22,LB,1,LB,4
M2L22,12,LB,1,RB,5
M2L22,19,RB,1,LB,5
M2L22,4,LB,1,RB,5
M2L22,24,LB,1,RB,4
M2L22,23,RB,1,LB,5
M2L22,3,RB,1,LB,2
M2L22,13,RB,1,RB,5
M2L22,18,LB,1,LB,4
M2L22,6,LB,1,LB,5
M2L22,20,LB,1,RB,4
M2L22,9,RB,1,RB,5
M2L22,8,LB,1,RB,5
M2L22,21,RB,1,RB,4
M2L22,14,LB,1,LB,5
M2L22,16,LB,1,RB,5
M2L22,10,LB,1,LB,5
M2L22,7,RB,1,LB,2
M2L22,1,RB,1,RB,5
M2L23,17,LB,1,RB,5
M2L23,15,LB,1,LB,5
M2L23,5,LB,1,RB,4
M2L23,2,RB,1,RB,4
M2L23,11,LB,1,LB,4
M2L23,22,RB,1,RB,4
M2L23,12,RB,1,LB,4
M2L23,19,LB,1,LB,5
M2L23,4,RB,1,LB,4
M2L23,24,RB,1,LB,4
M2L23,23,LB,1,LB,4
M2L23,3,LB,1,LB,4
M2L23,13,LB,1,RB,5
M2L23,18,RB,1,RB,5
M2L23,6,RB,1,RB,5
M2L23,20,RB,1,LB,4
M2L23,9,LB,1,RB,5
M2L23,8,RB,1,LB,5
M2L23,21,LB,1,RB,5
M2L23,14,RB,1,RB,5
M2L23,16,RB,1,LB,3
M2L23,10,RB,1,RB,5
M2L23,7,LB,1,LB,4
M2L23,1,LB,1,RB,4
M2L24,23,RB,1,LB,5
M2L24,16,LB,1,RB,5
M2L24,13,RB,1,RB,4
M2L24,7,RB,1,LB,2
M2L24,20,LB,1,RB,4
M2L24,24,LB,1,RB,4
M2L24,18,LB,1,LB,3
M2L24,21,RB,1,RB,5
M2L24,22,LB,1,LB,3
M2L24,14,LB,1,LB,4
M2L24,5,RB,1,RB,4
M2L24,12,LB,1,RB,3
M2L24,9,RB,0,RB,5
M2L24,19,RB,1,LB,5
M2L24,3,RB,1,LB,4
M2L24,4,LB,1,RB,2
M2L24,10,LB,1,LB,4
M2L24,11,RB,1,LB,3
M2L24,15,RB,1,LB,5
M2L24,2,LB,1,LB,3
M2L24,8,LB,1,RB,5
M2L24,1,RB,1,RB,4
M2L24,17,RB,1,RB,3
M2L24,6,LB,1,LB,5
M2L25,23,LB,1,RB,2
M2L25,16,RB,1,RB,4
M2L25,13,LB,1,LB,1
M2L25,7,LB,1,RB,4
M2L25,20,RB,1,RB,5
M2L25,24,RB,1,RB,5
M2L25,18,RB,1,LB,3
M2L25,21,LB,1,LB,2
M2L25,22,RB,1,LB,3
M2L25,14,RB,1,LB,5
M2L25,5,LB,1,LB,4
M2L25,12,RB,1,RB,4
M2L25,9,LB,1,LB,1
M2L25,19,LB,1,RB,4
M2L25,3,LB,1,RB,4
M2L25,4,RB,1,RB,5
M2L25,10,RB,1,LB,5
M2L25,11,LB,1,RB,5
M2L25,15,LB,1,RB,4
M2L25,2,RB,1,LB,1
M2L25,8,RB,1,RB,5
M2L25,1,LB,1,LB,2
M2L25,17,LB,1,LB,4
M2L25,6,RB,1,LB,4
M2L26,17,RB,1,LB,5
M2L26,15,RB,1,RB,5
M2L26,5,RB,1,LB,3
M2L26,2,LB,1,RB,5
M2L26,11,RB,1,RB,3
M2L26,22,LB,1,RB,5
M2L26,12,LB,1,LB,2
M2L26,19,RB,1,RB,5
M2L26,4,LB,1,LB,2
M2L26,24,LB,1,LB,3
M2L26,23,RB,1,RB,4
M2L26,3,RB,1,RB,5
M2L26,13,RB,1,LB,1
M2L26,18,LB,0,RB,4
M2L26,6,LB,0,RB,2
M2L26,20,LB,1,LB,3
M2L26,9,RB,1,LB,1
M2L26,8,LB,1,LB,5
M2L26,21,RB,1,LB,2
M2L26,14,LB,1,RB,5
M2L26,16,LB,1,LB,2
M2L26,10,LB,1,RB,4
M2L26,7,RB,1,RB,5
M2L26,1,RB,1,LB,2
M2L27,23,RB,1,RB,5
M2L27,16,LB,1,LB,2
M2L27,13,RB,1,LB,3
M2L27,7,RB,1,RB,5
M2L27,20,LB,1,LB,3
M2L27,24,LB,1,LB,3
M2L27,18,LB,1,RB,3
M2L27,21,RB,1,LB,2
M2L27,22,LB,1,RB,5
M2L27,14,LB,1,RB,5
M2L27,5,RB,1,LB,5
M2L27,12,LB,1,LB,3
M2L27,9,RB,1,LB,2
M2L27,19,RB,1,RB,5
M2L27,3,RB,1,RB,5
M2L27,4,LB,1,LB,3
M2L27,10,LB,1,RB,5
M2L27,11,RB,1,RB,4
M2L27,15,RB,1,RB,5
M2L27,2,LB,1,RB,5
M2L27,8,LB,1,LB,5
M2L27,1,RB,1,LB,2
M2L27,17,RB,1,LB,3
M2L27,6,LB,1,RB,5
M2L28,23,LB,1,LB,5
M2L28,16,RB,1,LB,1
M2L28,13,LB,1,RB,5
M2L28,7,LB,1,LB,3
M2L28,20,RB,1,LB,2
M2L28,24,RB,1,LB,5
M2L28,18,RB,1,RB,4
M2L28,21,LB,1,RB,5
M2L28,22,RB,1,RB,5
M2L28,14,RB,1,RB,5
M2L28,5,LB,1,RB,4
M2L28,12,RB,1,LB,2
M2L28,9,LB,1,RB,5
M2L28,19,LB,0,LB,5
M2L28,3,LB,1,LB,4
M2L28,4,RB,1,LB,3
M2L28,10,RB,1,RB,5
M2L28,11,LB,1,LB,5
M2L28,15,LB,1,LB,5
M2L28,2,RB,1,RB,4
M2L28,8,RB,1,LB,5
M2L28,1,LB,1,RB,5
M2L28,17,LB,1,RB,5
M2L28,6,RB,1,RB,5
M2L29,9,RB,1,RB,4
M2L29,22,LB,1,LB,2
M2L29,8,LB,1,RB,5
M2L29,17,RB,1,RB,5
M2L29,14,LB,1,LB,5
M2L29,19,RB,1,LB,5
M2L29,1,RB,1,RB,4
M2L29,16,LB,1,RB,3
M2L29,12,LB,1,RB,4
M2L29,13,RB,1,RB,3
M2L29,2,LB,1,LB,4
M2L29,5,RB,1,RB,3
M2L29,10,LB,1,LB,4
M2L29,23,RB,1,LB,4
M2L29,6,LB,1,LB,3
M2L29,24,LB,1,RB,4
M2L29,3,RB,1,LB,1
M2L29,11,RB,1,LB,2
M2L29,7,RB,1,LB,2
M2L29,18,LB,1,LB,3
M2L29,15,RB,1,LB,5
M2L29,4,LB,1,RB,4
M2L29,21,RB,1,RB,3
M2L29,20,LB,0,RB,4
M2L30,9,LB,1,RB,4
M2L30,22,RB,1,RB,4
M2L30,8,RB,1,LB,4
M2L30,17,LB,1,RB,4
M2L30,14,RB,1,RB,5
M2L30,19,LB,1,LB,5
M2L30,1,LB,1,RB,5
M2L30,16,RB,1,LB,2
M2L30,12,RB,1,LB,3
M2L30,13,LB,1,RB,4
M2L30,2,RB,1,RB,3
M2L30,5,LB,1,RB,3
M2L30,10,RB,1,RB,4
M2L30,23,LB,1,LB,5
M2L30,6,RB,1,RB,5
M2L30,24,RB,1,LB,3
M2L30,3,LB,1,LB,5
M2L30,11,LB,1,LB,4
M2L30,7,LB,1,LB,3
M2L30,18,RB,1,RB,3
M2L30,15,LB,1,LB,4
M2L30,4,RB,1,LB,2
M2L30,21,LB,0,RB,4
M2L30,20,RB,1,LB,4
M2L31,9,RB,1,LB,4
M2L31,22,LB,1,RB,5
M2L31,8,LB,1,LB,5
M2L31,17,RB,1,LB,4
M2L31,14,LB,1,RB,1
M2L31,19,RB,1,RB,5
M2L31,1,RB,1,LB,2
M2L31,16,LB,1,LB,2
M2L31,12,LB,1,LB,2
M2L31,13,RB,1,LB,1
M2L31,2,LB,1,RB,5
M2L31,5,RB,1,LB,3
M2L31,10,LB,1,RB,1
M2L31,23,RB,1,RB,3
M2L31,6,LB,1,RB,5
M2L31,24,LB,1,LB,5
M2L31,3,RB,1,RB,5
M2L31,11,RB,1,RB,5
M2L31,7,RB,1,RB,5
M2L31,18,LB,1,RB,4
M2L31,15,RB,1,RB,5
M2L31,4,LB,1,LB,3
M2L31,21,RB,1,LB,5
M2L31,20,LB,1,LB,3
M2L32,9,LB,1,LB,2
M2L32,22,RB,1,LB,1
M2L32,8,RB,1,RB,5
M2L32,17,LB,1,LB,5
M2L32,14,RB,1,LB,4
M2L32,19,LB,1,RB,5
M2L32,1,LB,1,LB,1
M2L32,16,RB,1,RB,5
M2L32,12,RB,1,RB,5
M2L32,13,LB,1,LB,2
M2L32,2,RB,1,LB,3
M2L32,5,LB,1,LB,5
M2L32,10,RB,1,LB,5
M2L32,23,LB,0,RB,5
M2L32,6,RB,1,LB,4
M2L32,24,RB,1,RB,5
M2L32,3,LB,1,RB,5
M2L32,11,LB,1,RB,4
M2L32,7,LB,1,RB,4
M2L32,18,RB,1,LB,1
M2L32,15,LB,1,RB,5
M2L32,4,RB,1,RB,5
M2L32,21,LB,1,LB,4
M2L32,20,RB,1,RB,5
M2L33,17,RB,1,RB,5
M2L33,15,RB,0,LB,5
M2L33,5,RB,1,RB,4
M2L33,2,LB,1,LB,3
M2L33,11,RB,1,LB,4
M2L33,22,LB,1,LB,3
M2L33,12,LB,1,RB,5
M2L33,19,RB,1,LB,5
M2L33,4,LB,1,RB,4
M2L33,24,LB,1,RB,4
M2L33,23,RB,1,LB,3
M2L33,3,RB,1,LB,3
M2L33,13,RB,1,RB,5
M2L33,18,LB,1,LB,3
M2L33,6,LB,1,LB,5
M2L33,20,LB,1,RB,4
M2L33,9,RB,1,RB,5
M2L33,8,LB,1,RB,4
M2L33,21,RB,1,RB,4
M2L33,14,LB,1,LB,4
M2L33,16,LB,1,RB,5
M2L33,10,LB,1,LB,5
M2L33,7,RB,1,LB,4
M2L33,1,RB,1,RB,5
M2L34,17,LB,1,RB,4
M2L34,15,LB,1,LB,5
M2L34,5,LB,1,RB,5
M2L34,2,RB,1,RB,5
M2L34,11,LB,1,LB,5
M2L34,22,RB,1,RB,5
M2L34,12,RB,1,LB,2
M2L34,19,LB,1,LB,5
M2L34,4,RB,1,LB,2
M2L34,24,RB,1,LB,4
M2L34,23,LB,1,LB,5
M2L34,3,LB,1,LB,3
M2L34,13,LB,1,RB,2
M2L34,18,RB,1,RB,4
M2L34,6,RB,1,RB,5
M2L34,20,RB,1,LB,1
M2L34,9,LB,1,RB,5
M2L34,8,RB,1,LB,5
M2L34,21,LB,1,RB,3
M2L34,14,RB,1,RB,3
M2L34,16,RB,1,LB,1
M2L34,10,RB,1,RB,5
M2L34,7,LB,1,LB,3
M2L34,1,LB,1,RB,4
M2L35,17,RB,1,LB,5
M2L35,15,RB,1,RB,5
M2L35,5,RB,1,LB,5
M2L35,2,LB,1,RB,5
M2L35,11,RB,1,RB,5
M2L35,22,LB,1,RB,5
M2L35,12,LB,1,LB,4
M2L35,19,RB,1,RB,5
M2L35,4,LB,1,LB,4
M2L35,24,LB,1,LB,5
M2L35,23,RB,1,RB,5
M2L35,3,RB,1,RB,5
M2L35,13,RB,1,LB,2
M2L35,18,LB,1,RB,4
M2L35,6,LB,1,RB,4
M2L35,20,LB,1,LB,3
M2L35,9,RB,1,LB,2
M2L35,8,LB,1,LB,5
M2L35,21,RB,1,LB,3
M2L35,14,LB,0,RB,5
M2L35,16,LB,1,LB,3
M2L35,10,LB,1,RB,3
M2L35,7,RB,1,RB,5
M2L35,1,RB,1,LB,2
M2L36,17,LB,1,LB,5
M2L36,15,LB,1,RB,4
M2L36,5,LB,1,LB,5
M2L36,2,RB,1,LB,3
M2L36,11,LB,1,RB,4
M2L36,22,RB,1,LB,5
M2L36,12,RB,1,RB,5
M2L36,19,LB,1,RB,5
M2L36,4,RB,1,RB,3
M2L36,24,RB,1,RB,5
M2L36,23,LB,1,RB,5
M2L36,3,LB,1,RB,5
M2L36,13,LB,0,LB,1
M2L36,18,RB,1,LB,1
M2L36,6,RB,1,LB,5
M2L36,20,RB,1,RB,5
M2L36,9,LB,1,LB,5
M2L36,8,RB,1,RB,5
M2L36,21,LB,1,LB,3
M2L36,14,RB,1,LB,5
M2L36,16,RB,1,RB,5
M2L36,10,RB,1,LB,2
M2L36,7,LB,1,RB,5
M2L36,1,LB,1,LB,2
